artist_urn,label
5gs4Sm2WQUkcGeikMcVHbh,Rec. 118
5gs4Sm2WQUkcGeikMcVHbh,Rec. 118
5gs4Sm2WQUkcGeikMcVHbh,Rec. 118
5gs4Sm2WQUkcGeikMcVHbh,Rec. 118 / Just Woke Up (JWU)
5gs4Sm2WQUkcGeikMcVHbh,Rec. 118 / Just Woke Up (JWU)
5gs4Sm2WQUkcGeikMcVHbh,Just Woke Up®
5gs4Sm2WQUkcGeikMcVHbh,Unilab
5gs4Sm2WQUkcGeikMcVHbh,Unilab
5gs4Sm2WQUkcGeikMcVHbh,Rec. 118
5gs4Sm2WQUkcGeikMcVHbh,Rec. 118
5gs4Sm2WQUkcGeikMcVHbh,Rec. 118
5gs4Sm2WQUkcGeikMcVHbh,Rec. 118 / Just Woke Up (JWU)
5gs4Sm2WQUkcGeikMcVHbh,Rec. 118 / Just Woke Up (JWU)
5gs4Sm2WQUkcGeikMcVHbh,Just Woke Up®
5gs4Sm2WQUkcGeikMcVHbh,Unilab
5gs4Sm2WQUkcGeikMcVHbh,Unilab
5gs4Sm2WQUkcGeikMcVHbh,BSB PROD
5gs4Sm2WQUkcGeikMcVHbh,Rec. 118
5gs4Sm2WQUkcGeikMcVHbh,Rec. 118
5gs4Sm2WQUkcGeikMcVHbh,Universal Music Distribution Deal
5gs4Sm2WQUkcGeikMcVHbh,Zee Music Company
5gs4Sm2WQUkcGeikMcVHbh,TREZ RECORDZ / QUASAR FIRM
5gs4Sm2WQUkcGeikMcVHbh,Farid Bang/WM Germany
5gs4Sm2WQUkcGeikMcVHbh,Rec. 118 / Just Woke Up (JWU)
5gs4Sm2WQUkcGeikMcVHbh,Rec. 118 / Just Woke Up (JWU)
5gs4Sm2WQUkcGeikMcVHbh,Rec. 118 / Just Woke Up (JWU)
5gs4Sm2WQUkcGeikMcVHbh,Columbia/B1 Recordings
5gs4Sm2WQUkcGeikMcVHbh,Rec. 118 / Just Woke Up (JWU)
5gs4Sm2WQUkcGeikMcVHbh,Rec. 118 / Just Woke Up (JWU)
5gs4Sm2WQUkcGeikMcVHbh,Rec. 118 / Just Woke Up (JWU)
5gs4Sm2WQUkcGeikMcVHbh,Rec. 118 / Just Woke Up (JWU)
5gs4Sm2WQUkcGeikMcVHbh,Unilab
5gs4Sm2WQUkcGeikMcVHbh,Unilab
5gs4Sm2WQUkcGeikMcVHbh,Unilab
5gs4Sm2WQUkcGeikMcVHbh,Unilab
5gs4Sm2WQUkcGeikMcVHbh,Soupherb Records
5gs4Sm2WQUkcGeikMcVHbh,Rec. 118
5gs4Sm2WQUkcGeikMcVHbh,Rec. 118
5gs4Sm2WQUkcGeikMcVHbh,Rec. 118
5gs4Sm2WQUkcGeikMcVHbh,Rec. 118 / Just Woke Up (JWU)
5gs4Sm2WQUkcGeikMcVHbh,Rec. 118 / Just Woke Up (JWU)
5gs4Sm2WQUkcGeikMcVHbh,Just Woke Up®
5gs4Sm2WQUkcGeikMcVHbh,Unilab
5gs4Sm2WQUkcGeikMcVHbh,Unilab
5gs4Sm2WQUkcGeikMcVHbh,BSB PROD
5gs4Sm2WQUkcGeikMcVHbh,Rec. 118
5gs4Sm2WQUkcGeikMcVHbh,Rec. 118
5gs4Sm2WQUkcGeikMcVHbh,Universal Music Distribution Deal
5gs4Sm2WQUkcGeikMcVHbh,Zee Music Company
5gs4Sm2WQUkcGeikMcVHbh,TREZ RECORDZ / QUASAR FIRM
5gs4Sm2WQUkcGeikMcVHbh,Farid Bang/WM Germany
5gs4Sm2WQUkcGeikMcVHbh,Rec. 118 / Just Woke Up (JWU)
5gs4Sm2WQUkcGeikMcVHbh,Rec. 118 / Just Woke Up (JWU)
5gs4Sm2WQUkcGeikMcVHbh,Rec. 118 / Just Woke Up (JWU)
5gs4Sm2WQUkcGeikMcVHbh,Columbia/B1 Recordings
5gs4Sm2WQUkcGeikMcVHbh,Rec. 118 / Just Woke Up (JWU)
5gs4Sm2WQUkcGeikMcVHbh,Rec. 118 / Just Woke Up (JWU)
5gs4Sm2WQUkcGeikMcVHbh,Rec. 118 / Just Woke Up (JWU)
5gs4Sm2WQUkcGeikMcVHbh,Rec. 118 / Just Woke Up (JWU)
5gs4Sm2WQUkcGeikMcVHbh,Unilab
5gs4Sm2WQUkcGeikMcVHbh,Unilab
5gs4Sm2WQUkcGeikMcVHbh,Unilab
5gs4Sm2WQUkcGeikMcVHbh,Unilab
5gs4Sm2WQUkcGeikMcVHbh,Soupherb Records
5gs4Sm2WQUkcGeikMcVHbh,Trente-quatre Centimes
5gs4Sm2WQUkcGeikMcVHbh,Universal Music Division Capitol Music France
5gs4Sm2WQUkcGeikMcVHbh,Lindé
5gs4Sm2WQUkcGeikMcVHbh,Torment Audio
5gs4Sm2WQUkcGeikMcVHbh,Panenka Music
5gs4Sm2WQUkcGeikMcVHbh,Columbia
5gs4Sm2WQUkcGeikMcVHbh,889554 Records DK2
5gs4Sm2WQUkcGeikMcVHbh,"UMG Recordings, Inc."
5gs4Sm2WQUkcGeikMcVHbh,TREZ RECORDZ / QUASAR FIRM
5gs4Sm2WQUkcGeikMcVHbh,"UMG Recordings, Inc."
5gs4Sm2WQUkcGeikMcVHbh,"UMG Recordings, Inc."
5gs4Sm2WQUkcGeikMcVHbh,Arista France
5gs4Sm2WQUkcGeikMcVHbh,"UMG Recordings, Inc."
5gs4Sm2WQUkcGeikMcVHbh,1132069 Records DK
5gs4Sm2WQUkcGeikMcVHbh,Brais_Label_Manager_HardforMe
5gs4Sm2WQUkcGeikMcVHbh,Universal Music Distribution Deal
5gs4Sm2WQUkcGeikMcVHbh,SIDELINE
5gs4Sm2WQUkcGeikMcVHbh,Sideline
5gs4Sm2WQUkcGeikMcVHbh,1132069 Records DK
5gs4Sm2WQUkcGeikMcVHbh,Arista France
5gs4Sm2WQUkcGeikMcVHbh,Uncommon Grounds
5gs4Sm2WQUkcGeikMcVHbh,1132069 Records DK
5gs4Sm2WQUkcGeikMcVHbh,1132069 Records DK
5gs4Sm2WQUkcGeikMcVHbh,Stellar 90 under exclusive license Animal 63
5gs4Sm2WQUkcGeikMcVHbh,George V Records
5gs4Sm2WQUkcGeikMcVHbh,Bon Gamin Entreprise
5gs4Sm2WQUkcGeikMcVHbh,FuxwitmeRecords
5gs4Sm2WQUkcGeikMcVHbh,Sweetersound LLC / Opposition
5gs4Sm2WQUkcGeikMcVHbh,Get Physical Music
5gs4Sm2WQUkcGeikMcVHbh,Binks
5gs4Sm2WQUkcGeikMcVHbh,Dutchie Music
5gs4Sm2WQUkcGeikMcVHbh,Animal 63
5gs4Sm2WQUkcGeikMcVHbh,FuxwitmeRecords
5gs4Sm2WQUkcGeikMcVHbh,Stellar 90
5gs4Sm2WQUkcGeikMcVHbh,Dutchie Music
5gs4Sm2WQUkcGeikMcVHbh,Universal Music Division Island Def Jam
5gs4Sm2WQUkcGeikMcVHbh,Animal 63
5gs4Sm2WQUkcGeikMcVHbh,Animal 63
5gs4Sm2WQUkcGeikMcVHbh,Universal Music Division Capitol Music France
5gs4Sm2WQUkcGeikMcVHbh,MEM
5gs4Sm2WQUkcGeikMcVHbh,MEM
5gs4Sm2WQUkcGeikMcVHbh,Dutchie Music
5gs4Sm2WQUkcGeikMcVHbh,Rezki Music
5gs4Sm2WQUkcGeikMcVHbh,Spinnup
5gs4Sm2WQUkcGeikMcVHbh,Universal Music S.A.
5gs4Sm2WQUkcGeikMcVHbh,FULL CLIP
5gs4Sm2WQUkcGeikMcVHbh,Universal Music Division Polydor
5gs4Sm2WQUkcGeikMcVHbh,Universal Music Division Polydor
5gs4Sm2WQUkcGeikMcVHbh,Jive Epic
5gs4Sm2WQUkcGeikMcVHbh,The Better Music Group
5gs4Sm2WQUkcGeikMcVHbh,PANAMÆRA
5gs4Sm2WQUkcGeikMcVHbh,Six Music
5gs4Sm2WQUkcGeikMcVHbh,Believe Recordings
5gs4Sm2WQUkcGeikMcVHbh,Universal Music MENA
5gs4Sm2WQUkcGeikMcVHbh,Universal Music MENA
5gs4Sm2WQUkcGeikMcVHbh,Believe Recordings
5gs4Sm2WQUkcGeikMcVHbh,MEM
5gs4Sm2WQUkcGeikMcVHbh,HEKATE GONOGIN
5gs4Sm2WQUkcGeikMcVHbh,Bromance
5gs4Sm2WQUkcGeikMcVHbh,Wagram Music
5gs4Sm2WQUkcGeikMcVHbh,Booska P
5gs4Sm2WQUkcGeikMcVHbh,Singemongol
5gs4Sm2WQUkcGeikMcVHbh,Rezki Music
5gs4Sm2WQUkcGeikMcVHbh,GOON TRAX
2UwqpfQtNuhBwviIC0f2ie,Trente-quatre Centimes
2UwqpfQtNuhBwviIC0f2ie,Universal Music Division Capitol Music France
2UwqpfQtNuhBwviIC0f2ie,Universal Music Division Capitol Music France
2UwqpfQtNuhBwviIC0f2ie,Universal Music Division Capitol Music France
2UwqpfQtNuhBwviIC0f2ie,Universal Music Division Capitol Music France
2UwqpfQtNuhBwviIC0f2ie,Universal Music Division Capitol Music France
2UwqpfQtNuhBwviIC0f2ie,Trente-quatre Centimes
2UwqpfQtNuhBwviIC0f2ie,Universal Music Division Capitol Music France
2UwqpfQtNuhBwviIC0f2ie,Universal Music Division Capitol Music France
2UwqpfQtNuhBwviIC0f2ie,Universal Music Division Capitol Music France
2UwqpfQtNuhBwviIC0f2ie,Universal Music Division Capitol Music France
2UwqpfQtNuhBwviIC0f2ie,Universal Music Division Capitol Music France
2UwqpfQtNuhBwviIC0f2ie,Sale Sonorité Records
2UwqpfQtNuhBwviIC0f2ie,Privaty Prod
2UwqpfQtNuhBwviIC0f2ie,Privaty Prod
2UwqpfQtNuhBwviIC0f2ie,Trente-quatre Centimes
2UwqpfQtNuhBwviIC0f2ie,Universal Music Division Capitol Music France
2UwqpfQtNuhBwviIC0f2ie,Universal Music Division Capitol Music France
2UwqpfQtNuhBwviIC0f2ie,RCA Group
2UwqpfQtNuhBwviIC0f2ie,Culture Records
2UwqpfQtNuhBwviIC0f2ie,Universal Music Division Capitol Music France
2UwqpfQtNuhBwviIC0f2ie,Universal Music Division Capitol Music France
2UwqpfQtNuhBwviIC0f2ie,Universal Music Division Capitol Music France
2UwqpfQtNuhBwviIC0f2ie,Universal Music Division Capitol Music France
2UwqpfQtNuhBwviIC0f2ie,Universal Music Division Capitol Music France
2UwqpfQtNuhBwviIC0f2ie,Universal Music Division Capitol Music France
2UwqpfQtNuhBwviIC0f2ie,Universal Music Division Capitol Music France
2UwqpfQtNuhBwviIC0f2ie,Trente-quatre Centimes
2UwqpfQtNuhBwviIC0f2ie,Universal Music Division Capitol Music France
2UwqpfQtNuhBwviIC0f2ie,Universal Music Division Capitol Music France
2UwqpfQtNuhBwviIC0f2ie,Universal Music Division Capitol Music France
2UwqpfQtNuhBwviIC0f2ie,Universal Music Division Capitol Music France
2UwqpfQtNuhBwviIC0f2ie,Universal Music Division Capitol Music France
2UwqpfQtNuhBwviIC0f2ie,Sale Sonorité Records
2UwqpfQtNuhBwviIC0f2ie,Privaty Prod
2UwqpfQtNuhBwviIC0f2ie,Privaty Prod
2UwqpfQtNuhBwviIC0f2ie,Trente-quatre Centimes
2UwqpfQtNuhBwviIC0f2ie,Universal Music Division Capitol Music France
2UwqpfQtNuhBwviIC0f2ie,Universal Music Division Capitol Music France
2UwqpfQtNuhBwviIC0f2ie,RCA Group
2UwqpfQtNuhBwviIC0f2ie,Culture Records
2UwqpfQtNuhBwviIC0f2ie,Universal Music Division Capitol Music France
2UwqpfQtNuhBwviIC0f2ie,Universal Music Division Capitol Music France
2UwqpfQtNuhBwviIC0f2ie,Universal Music Division Capitol Music France
2UwqpfQtNuhBwviIC0f2ie,Universal Music Division Capitol Music France
2UwqpfQtNuhBwviIC0f2ie,Universal Music Division Capitol Music France
2UwqpfQtNuhBwviIC0f2ie,Universal Music Division Capitol Music France
2UwqpfQtNuhBwviIC0f2ie,Universal Music Division Capitol Music France
2UwqpfQtNuhBwviIC0f2ie,"UMG Recordings, Inc."
2UwqpfQtNuhBwviIC0f2ie,Universal Music Division Polydor
2UwqpfQtNuhBwviIC0f2ie,"UMG Recordings, Inc."
2UwqpfQtNuhBwviIC0f2ie,"UMG Recordings, Inc."
2UwqpfQtNuhBwviIC0f2ie,"UMG Recordings, Inc."
2UwqpfQtNuhBwviIC0f2ie,"UMG Recordings, Inc."
2UwqpfQtNuhBwviIC0f2ie,"UMG Recordings, Inc."
2UwqpfQtNuhBwviIC0f2ie,"UMG Recordings, Inc."
2UwqpfQtNuhBwviIC0f2ie,"UMG Recordings, Inc."
2UwqpfQtNuhBwviIC0f2ie,"UMG Recordings, Inc."
2UwqpfQtNuhBwviIC0f2ie,"UMG Recordings, Inc."
2UwqpfQtNuhBwviIC0f2ie,"UMG Recordings, Inc."
2UwqpfQtNuhBwviIC0f2ie,"UMG Recordings, Inc."
2UwqpfQtNuhBwviIC0f2ie,"UMG Recordings, Inc."
2UwqpfQtNuhBwviIC0f2ie,"UMG Recordings, Inc."
2UwqpfQtNuhBwviIC0f2ie,"UMG Recordings, Inc."
2UwqpfQtNuhBwviIC0f2ie,"UMG Recordings, Inc."
2UwqpfQtNuhBwviIC0f2ie,"UMG Recordings, Inc."
2UwqpfQtNuhBwviIC0f2ie,"UMG Recordings, Inc."
2UwqpfQtNuhBwviIC0f2ie,"UMG Recordings, Inc."
2UwqpfQtNuhBwviIC0f2ie,"UMG Recordings, Inc."
2UwqpfQtNuhBwviIC0f2ie,"UMG Recordings, Inc."
2UwqpfQtNuhBwviIC0f2ie,"UMG Recordings, Inc."
2UwqpfQtNuhBwviIC0f2ie,"UMG Recordings, Inc."
2UwqpfQtNuhBwviIC0f2ie,"UMG Recordings, Inc."
2UwqpfQtNuhBwviIC0f2ie,"UMG Recordings, Inc."
2UwqpfQtNuhBwviIC0f2ie,"UMG Recordings, Inc."
2UwqpfQtNuhBwviIC0f2ie,"UMG Recordings, Inc."
2UwqpfQtNuhBwviIC0f2ie,"UMG Recordings, Inc."
2UwqpfQtNuhBwviIC0f2ie,"UMG Recordings, Inc."
2UwqpfQtNuhBwviIC0f2ie,"UMG Recordings, Inc."
2UwqpfQtNuhBwviIC0f2ie,"UMG Recordings, Inc."
2UwqpfQtNuhBwviIC0f2ie,"UMG Recordings, Inc."
2UwqpfQtNuhBwviIC0f2ie,"UMG Recordings, Inc."
2UwqpfQtNuhBwviIC0f2ie,"UMG Recordings, Inc."
2UwqpfQtNuhBwviIC0f2ie,"UMG Recordings, Inc."
2UwqpfQtNuhBwviIC0f2ie,"UMG Recordings, Inc."
2UwqpfQtNuhBwviIC0f2ie,"UMG Recordings, Inc."
2UwqpfQtNuhBwviIC0f2ie,"UMG Recordings, Inc."
2UwqpfQtNuhBwviIC0f2ie,"UMG Recordings, Inc."
2UwqpfQtNuhBwviIC0f2ie,"UMG Recordings, Inc."
2UwqpfQtNuhBwviIC0f2ie,"UMG Recordings, Inc."
2UwqpfQtNuhBwviIC0f2ie,"UMG Recordings, Inc."
2UwqpfQtNuhBwviIC0f2ie,"UMG Recordings, Inc."
2UwqpfQtNuhBwviIC0f2ie,"UMG Recordings, Inc."
2UwqpfQtNuhBwviIC0f2ie,"UMG Recordings, Inc."
2UwqpfQtNuhBwviIC0f2ie,"UMG Recordings, Inc."
2UwqpfQtNuhBwviIC0f2ie,"UMG Recordings, Inc."
2UwqpfQtNuhBwviIC0f2ie,"UMG Recordings, Inc."
2UwqpfQtNuhBwviIC0f2ie,"UMG Recordings, Inc."
2UwqpfQtNuhBwviIC0f2ie,"UMG Recordings, Inc."
2UwqpfQtNuhBwviIC0f2ie,"UMG Recordings, Inc."
2UwqpfQtNuhBwviIC0f2ie,"UMG Recordings, Inc."
2UwqpfQtNuhBwviIC0f2ie,"UMG Recordings, Inc."
2UwqpfQtNuhBwviIC0f2ie,"UMG Recordings, Inc."
2UwqpfQtNuhBwviIC0f2ie,"UMG Recordings, Inc."
2UwqpfQtNuhBwviIC0f2ie,"UMG Recordings, Inc."
2UwqpfQtNuhBwviIC0f2ie,"UMG Recordings, Inc."
2UwqpfQtNuhBwviIC0f2ie,"UMG Recordings, Inc."
2UwqpfQtNuhBwviIC0f2ie,"UMG Recordings, Inc."
2UwqpfQtNuhBwviIC0f2ie,"UMG Recordings, Inc."
2UwqpfQtNuhBwviIC0f2ie,"UMG Recordings, Inc."
2UwqpfQtNuhBwviIC0f2ie,"UMG Recordings, Inc."
2UwqpfQtNuhBwviIC0f2ie,"UMG Recordings, Inc."
2UwqpfQtNuhBwviIC0f2ie,"UMG Recordings, Inc."
2UwqpfQtNuhBwviIC0f2ie,"UMG Recordings, Inc."
2UwqpfQtNuhBwviIC0f2ie,"UMG Recordings, Inc."
2UwqpfQtNuhBwviIC0f2ie,"UMG Recordings, Inc."
2UwqpfQtNuhBwviIC0f2ie,"UMG Recordings, Inc."
2UwqpfQtNuhBwviIC0f2ie,"UMG Recordings, Inc."
2UwqpfQtNuhBwviIC0f2ie,"UMG Recordings, Inc."
2UwqpfQtNuhBwviIC0f2ie,"UMG Recordings, Inc."
2UwqpfQtNuhBwviIC0f2ie,"UMG Recordings, Inc."
2UwqpfQtNuhBwviIC0f2ie,"UMG Recordings, Inc."
2UwqpfQtNuhBwviIC0f2ie,"UMG Recordings, Inc."
2UwqpfQtNuhBwviIC0f2ie,"UMG Recordings, Inc."
2UwqpfQtNuhBwviIC0f2ie,"UMG Recordings, Inc."
2UwqpfQtNuhBwviIC0f2ie,"UMG Recordings, Inc."
2UwqpfQtNuhBwviIC0f2ie,"UMG Recordings, Inc."
2UwqpfQtNuhBwviIC0f2ie,Rec. 118 / Mal Luné Music
2UwqpfQtNuhBwviIC0f2ie,Rec. 118 / Mal Luné Music
2UwqpfQtNuhBwviIC0f2ie,"UMG Recordings, Inc."
2UwqpfQtNuhBwviIC0f2ie,"UMG Recordings, Inc."
2UwqpfQtNuhBwviIC0f2ie,"UMG Recordings, Inc."
2UwqpfQtNuhBwviIC0f2ie,"UMG Recordings, Inc."
2UwqpfQtNuhBwviIC0f2ie,"UMG Recordings, Inc."
2UwqpfQtNuhBwviIC0f2ie,"UMG Recordings, Inc."
2UwqpfQtNuhBwviIC0f2ie,"UMG Recordings, Inc."
2UwqpfQtNuhBwviIC0f2ie,"UMG Recordings, Inc."
2UwqpfQtNuhBwviIC0f2ie,"UMG Recordings, Inc."
2UwqpfQtNuhBwviIC0f2ie,Universal Music Division Polydor
2UwqpfQtNuhBwviIC0f2ie,Rec. 118
2UwqpfQtNuhBwviIC0f2ie,Rec. 118
2UwqpfQtNuhBwviIC0f2ie,Universal Music Division Island Def Jam
2UwqpfQtNuhBwviIC0f2ie,RCA Group
2UwqpfQtNuhBwviIC0f2ie,Universal Music Division Capitol Music France
2UwqpfQtNuhBwviIC0f2ie,Universal Music Division Capitol Music France
2UwqpfQtNuhBwviIC0f2ie,Universal Music Division Capitol Music France
2UwqpfQtNuhBwviIC0f2ie,"UMG Recordings, Inc."
2UwqpfQtNuhBwviIC0f2ie,Stellar 90 under exclusive license Animal 63
2UwqpfQtNuhBwviIC0f2ie,"UMG Recordings, Inc."
2UwqpfQtNuhBwviIC0f2ie,Universal Music Division Island Def Jam
2UwqpfQtNuhBwviIC0f2ie,Universal Music Division Polydor
2UwqpfQtNuhBwviIC0f2ie,Wagram Music
2UwqpfQtNuhBwviIC0f2ie,Universal Music Distribution Deal
2UwqpfQtNuhBwviIC0f2ie,Rixa Neves
2UwqpfQtNuhBwviIC0f2ie,Wagram Music / 3ème Bureau
2UwqpfQtNuhBwviIC0f2ie,Cyril M
2UwqpfQtNuhBwviIC0f2ie,Universal Music Distribution Deal
2UwqpfQtNuhBwviIC0f2ie,Universal Music S.A.
2UwqpfQtNuhBwviIC0f2ie,Universal Music Division Capitol Music France
2UwqpfQtNuhBwviIC0f2ie,Universal Music Division Capitol Music France
2UwqpfQtNuhBwviIC0f2ie,Universal Music Division Capitol Music France
2UwqpfQtNuhBwviIC0f2ie,Universal Music Division Capitol Music France
2UwqpfQtNuhBwviIC0f2ie,Universal Music Division Capitol Music France
2UwqpfQtNuhBwviIC0f2ie,Universal Music Division Capitol Music France
2UwqpfQtNuhBwviIC0f2ie,Corbakh Music
2UwqpfQtNuhBwviIC0f2ie,Universal Music Division Capitol Music France
2UwqpfQtNuhBwviIC0f2ie,Universal Music Division Capitol Music France
2UwqpfQtNuhBwviIC0f2ie,Universal Music Division Capitol Music France
2UwqpfQtNuhBwviIC0f2ie,Unilab
2UwqpfQtNuhBwviIC0f2ie,Universal Music Distribution Deal
2UwqpfQtNuhBwviIC0f2ie,Universal Music Distribution Deal
2UwqpfQtNuhBwviIC0f2ie,Vangarde Music
2UwqpfQtNuhBwviIC0f2ie,Vangarde Music
2UwqpfQtNuhBwviIC0f2ie,OKLMofficial
2UwqpfQtNuhBwviIC0f2ie,27 Record's
396eHybVCEUr0PcED4yFga,SKC M29
396eHybVCEUr0PcED4yFga,SKC M29
396eHybVCEUr0PcED4yFga,SKC M29
396eHybVCEUr0PcED4yFga,Polydor Records
396eHybVCEUr0PcED4yFga,GeeYou
396eHybVCEUr0PcED4yFga,Twin Music Inc
396eHybVCEUr0PcED4yFga,D-Block Europe
396eHybVCEUr0PcED4yFga,SKC M29
396eHybVCEUr0PcED4yFga,SKC M29
396eHybVCEUr0PcED4yFga,Polydor Records
396eHybVCEUr0PcED4yFga,GeeYou
396eHybVCEUr0PcED4yFga,Twin Music Inc
396eHybVCEUr0PcED4yFga,D-Block Europe
396eHybVCEUr0PcED4yFga,D-Block Europe
396eHybVCEUr0PcED4yFga,D-Block Europe
396eHybVCEUr0PcED4yFga,Relentless Records
396eHybVCEUr0PcED4yFga,Relentless Records
396eHybVCEUr0PcED4yFga,GLITCHGANG
396eHybVCEUr0PcED4yFga,OFB SJ
396eHybVCEUr0PcED4yFga,Universal-Island Records Ltd.
396eHybVCEUr0PcED4yFga,Nafe Smallz
396eHybVCEUr0PcED4yFga,Underrated Legends
396eHybVCEUr0PcED4yFga,Rec. 118
396eHybVCEUr0PcED4yFga,Rec. 118
396eHybVCEUr0PcED4yFga,AJ Tracey
396eHybVCEUr0PcED4yFga,Caroline International (S&D)
396eHybVCEUr0PcED4yFga,Columbia
396eHybVCEUr0PcED4yFga,Yung Fume
396eHybVCEUr0PcED4yFga,2TE Records
396eHybVCEUr0PcED4yFga,6ix7even
396eHybVCEUr0PcED4yFga,D-Block Europe
396eHybVCEUr0PcED4yFga,SDC / Prem Ent.
396eHybVCEUr0PcED4yFga,NEW GEN
396eHybVCEUr0PcED4yFga,GB Records London
396eHybVCEUr0PcED4yFga,Dblock Europe
396eHybVCEUr0PcED4yFga,Dblock europe
396eHybVCEUr0PcED4yFga,Dblock Europe
396eHybVCEUr0PcED4yFga,Dblock europe
396eHybVCEUr0PcED4yFga,Dblock Europe
396eHybVCEUr0PcED4yFga,dblock europe
396eHybVCEUr0PcED4yFga,Defenders Entertainment
396eHybVCEUr0PcED4yFga,Independent
396eHybVCEUr0PcED4yFga,Ruff Ryders / IDJ
396eHybVCEUr0PcED4yFga,Ruff Ryders / IDJ
396eHybVCEUr0PcED4yFga,GB Records
396eHybVCEUr0PcED4yFga,Alwayz Music Ltd
1lB3I3SI30v2ZOpR4XQqzJ,Rec. 118
1lB3I3SI30v2ZOpR4XQqzJ,Rec. 118
1lB3I3SI30v2ZOpR4XQqzJ,"Jardins Noirs, AllPoints"
1lB3I3SI30v2ZOpR4XQqzJ,Rec. 118
1lB3I3SI30v2ZOpR4XQqzJ,Universal Music Division Capitol Music France
1lB3I3SI30v2ZOpR4XQqzJ,Rec. 118
1lB3I3SI30v2ZOpR4XQqzJ,Rien 100 Rien
1lB3I3SI30v2ZOpR4XQqzJ,Rec. 118
1lB3I3SI30v2ZOpR4XQqzJ,Rec. 118
1lB3I3SI30v2ZOpR4XQqzJ,Rec. 118
1lB3I3SI30v2ZOpR4XQqzJ,Rec. 118
1lB3I3SI30v2ZOpR4XQqzJ,Rec. 118
1lB3I3SI30v2ZOpR4XQqzJ,Rec. 118
1lB3I3SI30v2ZOpR4XQqzJ,Rec. 118
1lB3I3SI30v2ZOpR4XQqzJ,Rec. 118
1lB3I3SI30v2ZOpR4XQqzJ,Rec. 118
1lB3I3SI30v2ZOpR4XQqzJ,"Jardins Noirs, AllPoints"
1lB3I3SI30v2ZOpR4XQqzJ,Rec. 118
1lB3I3SI30v2ZOpR4XQqzJ,Universal Music Division Capitol Music France
1lB3I3SI30v2ZOpR4XQqzJ,Rec. 118
1lB3I3SI30v2ZOpR4XQqzJ,Rien 100 Rien
1lB3I3SI30v2ZOpR4XQqzJ,Rec. 118
1lB3I3SI30v2ZOpR4XQqzJ,Rec. 118
1lB3I3SI30v2ZOpR4XQqzJ,Rec. 118
1lB3I3SI30v2ZOpR4XQqzJ,Rec. 118
1lB3I3SI30v2ZOpR4XQqzJ,Rec. 118
1lB3I3SI30v2ZOpR4XQqzJ,Rec. 118
1lB3I3SI30v2ZOpR4XQqzJ,Rec. 118
1lB3I3SI30v2ZOpR4XQqzJ,Rec. 118
1lB3I3SI30v2ZOpR4XQqzJ,"Balai Steak, Allpoints"
1lB3I3SI30v2ZOpR4XQqzJ,Universal Music Division Capitol Music France
1lB3I3SI30v2ZOpR4XQqzJ,"Balai Steak, Allpoints"
1lB3I3SI30v2ZOpR4XQqzJ,Universal Music Division Capitol Music France
1lB3I3SI30v2ZOpR4XQqzJ,Universal Music Division Capitol Music France
1lB3I3SI30v2ZOpR4XQqzJ,Universal Music Division Capitol Music France
1lB3I3SI30v2ZOpR4XQqzJ,Rec. 118
1lB3I3SI30v2ZOpR4XQqzJ,Rec. 118
1lB3I3SI30v2ZOpR4XQqzJ,D'Or et de Platine
